variant,converted
A,0.09827357237715803
B,0.12717536813922356
